hnn_time_s,hnn_squared_position_error,hnn_cumulative_mse,lqr_time_s,lqr_squared_position_error,lqr_cumulative_mse
0,0.5980798682,0.5980798682,0,0.6153532314,0.6153532314
0.05903697014,0.5986187883,0.5983493282,0.02086782455,0.620000665,0.6176769482
0.1107618809,0.5973124048,0.5980036871,0.0398478508,0.6227643718,0.6193727561
0.1618127823,0.5929792541,0.5967475789,0.06336784363,0.6300111636,0.622032358
0.219149828,0.5801684116,0.5934317454,0.08014082909,0.6322429745,0.6240744813
0.2732458115,0.5567100894,0.5873114694,0.1001579762,0.6387085577,0.626513494
0.3237509727,0.530695573,0.5792234842,0.1224958897,0.6414418687,0.628646119
0.3788998127,0.490074476,0.5680798582,0.1406970024,0.6427141856,0.6304046273
0.4321718216,0.4525574683,0.5552440371,0.1613829136,0.6427087045,0.631771747
0.4821479321,0.3901464124,0.5387342746,0.1813240051,0.6410785491,0.6327024272
0.5403199196,0.3462868086,0.5212390504,0.199657917,0.639466203,0.6333173159
0.5896608829,0.2810847268,0.5012261901,0.2197828293,0.6311740863,0.6331387134
0.639936924,0.2402633666,0.4811521268,0.2410469055,0.6311740863,0.6329875883
0.6889867783,0.1950750628,0.4607180508,0.2598748207,0.6172389206,0.6318626834
0.7452769279,0.1651443661,0.4410131385,0.2797160149,0.6054474566,0.6301016683
0.7975449562,0.1301714016,0.4215855299,0.2999548912,0.5908205864,0.6276466007
0.8822858334,0.1124426701,0.4034006558,0.3194630146,0.5743819058,0.6245133834
0.9306149483,0.08978219148,0.3859774078,0.3402168751,0.5557477065,0.620693068
0.9772830009,0.07838239816,0.3697881968,0.3595638275,0.5461343981,0.6167689274
1.024767876,0.07136552389,0.3548670631,0.3795909882,0.5247908725,0.6121700247
1.07822299,0.06407730564,0.3410199318,0.401804924,0.5021651084,0.6069316954
1.131808996,0.05841323894,0.328174173,0.4199478626,0.4787214735,0.601103958
1.18206501,0.05104315835,0.3161249985,0.4398889542,0.4539427823,0.594705646
1.288491964,0.04462041548,0.3048123075,0.4617569447,0.4415959979,0.5883260773
1.343370914,0.03037849037,0.2938349548,0.4803118706,0.4167492245,0.5814630032
1.389864922,0.02613030112,0.283538622,0.5008728504,0.3918486147,0.5741701421
1.437577963,0.02368580462,0.2739144436,0.5200958252,0.3678531591,0.5665287724
1.478419781,0.02002413399,0.2648469325,0.5405299664,0.3449657846,0.5586158085
1.523449898,0.01909106536,0.2563725923,0.5601189137,0.3338884963,0.5508665909
1.57713294,0.01817736238,0.2484327513,0.5802509785,0.313108933,0.5429413356
1.623652935,0.0177210565,0.2409904385,0.6001019478,0.2933687311,0.5348906064
1.684839964,0.01749583583,0.2340062322,0.622781992,0.2749401354,0.5267671542
1.758791924,0.01746071763,0.2274442469,0.640805006,0.2574138971,0.5186049343
1.802855015,0.01751177275,0.2212697624,0.6619348526,0.2491006735,0.5106783384
1.853542805,0.01740637496,0.2154450942,0.679764986,0.232267571,0.502723745
1.904941797,0.0170284817,0.2099335216,0.6997718811,0.2167400235,0.4947797528
1.984820843,0.01647162626,0.2047048217,0.7209808826,0.2013135178,0.4868482329
2.039374828,0.0156180638,0.1997288544,0.7408659458,0.187283267,0.4789649443
2.09273386,0.01516749639,0.1949965119,0.7637388706,0.187283267,0.471485927
2.146109819,0.01466264346,0.1904881652,0.7804169655,0.1672353965,0.4638796637
2.20063591,0.01421761765,0.1861888835,0.8009188175,0.1551699562,0.4563501586
2.247012854,0.01364995089,0.1820808137,0.8199880123,0.144029505,0.4489139526
2.334967852,0.01304158709,0.1781496689,0.8398590088,0.1390598982,0.4417080444
2.403630972,0.01212648657,0.1743764148,0.88712883,0.1212212496,0.4344242536
2.449544907,0.01168967457,0.1707611539,0.9123008251,0.1106105716,0.427228394
2.502254963,0.01152059057,0.1672994025,0.9325430393,0.1043655951,0.4202096375
2.546630859,0.01137472722,0.1639818562,0.952452898,0.09866236377,0.4133682061
2.596679926,0.0110875904,0.160796559,0.9725420475,0.09587665816,0.4067537989
2.648602009,0.01092598732,0.1577379759,0.9921040535,0.0906666823,0.4003030414
2.701323986,0.01080471847,0.1547993108,1.012212038,0.0853408469,0.3940037975
2.753809929,0.01080419152,0.1519758771,1.032423019,0.08250787109,0.3878960342
2.806617975,0.01096312795,0.1492640934,1.052041054,0.07392097869,0.3818580524
2.858421803,0.01110875927,0.146657389,1.072052002,0.07105780739,0.3759938968
2.905156851,0.01129101454,0.1441506043,1.092859983,0.06479277471,0.3702309131
2.956333876,0.01141688501,0.1417372639,1.112061024,0.06154111884,0.3646183714
3.015153885,0.01154777187,0.1394124516,1.131985903,0.0549772703,0.359089066
3.093466997,0.01179188151,0.1371734942,1.152616024,0.04809058535,0.3536329523
3.148232937,0.01213852024,0.1350177188,1.172049999,0.04120191851,0.3482462103
3.204139948,0.01237933033,0.132939102,1.192929029,0.03455829523,0.342929466
3.263358831,0.01264007554,0.1309341183,1.212570906,0.02828286453,0.337685356
3.310925007,0.01284191263,0.1289981805,1.232264042,0.02257790098,0.33251966
3.361208916,0.01298733818,0.1271270379,1.253494978,0.02013739845,0.3274812364
3.40722394,0.01315296232,0.1253179255,1.274351835,0.01573423334,0.3225328713
3.454952955,0.01327870763,0.1235673128,1.293490887,0.01231821411,0.3176857673
3.507036924,0.01341374935,0.1218726426,1.312458038,0.009675127249,0.3129471421
3.561963797,0.01351745626,0.1202308973,1.332607031,0.007787137142,0.3083235056
3.614180803,0.01347762815,0.1186375649,1.352027893,0.00649644867,0.3038186242
3.671291828,0.01343719964,0.1170905007,1.372407913,0.006030751473,0.2994393907
3.720670938,0.01338106049,0.1155874654,1.393795013,0.005387565251,0.2951777701
3.77606678,0.01325705669,0.1141256024,1.412011862,0.005124446987,0.2910341512
3.849243879,0.01310427147,0.1127027667,1.432490826,0.005119347602,0.2870071821
3.899453878,0.01298844238,0.1113178456,1.452507973,0.00531012567,0.283094723
3.947072983,0.01285362644,0.1099690207,1.472371817,0.005395907362,0.2792906296
3.99277401,0.01268999367,0.1086544392,1.492224932,0.00572335965,0.2755937746
4.04202199,0.01260126512,0.1073737302,1.512213945,0.005935804853,0.271998335
4.085598946,0.01248427273,0.1061251847,1.534147024,0.005956614413,0.2684977861
4.163945913,0.01240982287,0.1049081021,1.55192399,0.005991936685,0.2650886192
4.217714787,0.01230885901,0.1037209323,1.572252035,0.005753285361,0.2617638072
4.343647957,0.01224425219,0.1025629997,1.59293294,0.005374618506,0.2585183745
4.429057837,0.01237065964,0.1014355954,1.612820864,0.004915877214,0.2553483433
4.480309963,0.01253643478,0.1003380749,1.632737875,0.004455445925,0.2522509001
4.535287857,0.01269919935,0.09926930814,1.652514935,0.004224811363,0.2492261917
4.589857817,0.01289034529,0.09822859774,1.672152042,0.00389541981,0.2462703992
4.643117905,0.01296783733,0.09721358869,1.694458008,0.003743206515,0.2433831708
4.690781832,0.01313213497,0.09622439512,1.712286949,0.003694729025,0.2405633067
4.740472794,0.01323750364,0.09525943126,1.733093977,0.003854301805,0.2378108765
4.803295851,0.01350054207,0.09431967391,1.75199604,0.004038000181,0.2351238319
4.858462811,0.01381308547,0.09340482632,1.77204299,0.004139623042,0.2324990113
4.90950799,0.01406079942,0.0925133204,1.793508053,0.004377136621,0.2299358442
4.964069843,0.01429640942,0.09164424361,1.812954903,0.004578626378,0.2274318751
5.019295931,0.01457094191,0.09079728425,1.832308054,0.004803978401,0.2249854147
5.069737911,0.01480809032,0.08997131475,1.854096889,0.004922637685,0.222593428
5.122148991,0.01496562646,0.08916480197,1.872143984,0.005188240565,0.2202557378
5.173455954,0.01512376877,0.08837713141,1.892910004,0.005448273853,0.217970552
5.231112003,0.01520310961,0.08760687855,1.912330866,0.005739792874,0.215736544
5.284202814,0.0151688832,0.0868523161,1.932587862,0.005958265041,0.2135513536
5.423780918,0.0150502154,0.08611208825,1.952648878,0.006073150306,0.2114124031
5.492122889,0.01453104046,0.0853816694,1.972415924,0.006234883062,0.2093187549
5.541211843,0.01431328108,0.08466380689,1.992097855,0.006335167001,0.2072684157
5.585739851,0.01407749897,0.08395794381,2.013273001,0.006332499981,0.2052590565
5.629263878,0.01385392078,0.08326384457,2.032135963,0.006253805899,0.2032887075
5.673966885,0.01369879008,0.08258183423,2.052526951,0.006196283147,0.2013564288
5.727180958,0.01358131983,0.08191192633,2.072409868,0.006141211426,0.1994611354
5.780593872,0.01339981172,0.08125315599,2.092505932,0.006096021315,0.1976018555
5.833002806,0.01322151052,0.08060523556,2.112339973,0.006065150382,0.1957776964
5.886453867,0.01303038013,0.07996773693,2.132338047,0.006043415882,0.1939877504
5.931207895,0.01295174362,0.07934141923,2.151768923,0.006054391997,0.1922313638
5.977351904,0.01286385765,0.07872588625,2.175915003,0.006082888637,0.1905077668
6.018656969,0.01281062653,0.0781211591,2.191910982,0.006095791362,0.1888159139
6.069369793,0.0127902049,0.07752724133,2.21388793,0.006122952686,0.1871550688
6.121747971,0.01281043067,0.076944207,2.232781887,0.006115263402,0.1855240795
6.172773838,0.01281852477,0.07637165627,2.252254009,0.006109933818,0.1839221675
6.225368977,0.01287423438,0.07580973218,2.273650885,0.006109900586,0.1823486076
6.279900789,0.01302064515,0.07525895072,2.293015003,0.006081297842,0.1808024031
6.32701087,0.01315837327,0.0747189457,2.312525034,0.006068065753,0.1792829741
6.369966984,0.01334018454,0.07418981844,2.332438946,0.006017842258,0.1777893092
6.417393923,0.01344962263,0.07367067147,2.3522439,0.006033006702,0.1763213066
6.510463953,0.01366781655,0.0731621727,2.373003006,0.005987024793,0.1748777957
6.569230795,0.01387879571,0.07266399306,2.393544912,0.005927777249,0.1734580477
6.622949839,0.01396669855,0.07217484894,2.412956953,0.005891660342,0.1720616611
6.67212081,0.01407597683,0.07169469297,2.432026863,0.005807891794,0.170687663
6.730373859,0.01407499145,0.07122240034,2.452343941,0.005744665109,0.1693356712
6.773371935,0.01410705317,0.07075804792,2.472187996,0.005678124221,0.1680051221
6.823488951,0.01414420029,0.07030148464,2.492347956,0.005602446386,0.1666954231
6.869355917,0.01416436463,0.06985238768,2.51293087,0.005534505286,0.1654061357
6.911502838,0.01422355256,0.06941088898,2.532460928,0.00545827131,0.1641367082
6.961570978,0.01428658777,0.06897683937,2.553009987,0.005417823449,0.1628869533
7.008089781,0.01434593204,0.0685500354,2.572312832,0.005382027581,0.161656446
7.059611797,0.01440502146,0.06813030661,2.592120886,0.005320794134,0.1604445417
7.113272905,0.01450789534,0.06771782653,2.612087965,0.005278322036,0.1592509554
7.183041811,0.0146236072,0.06731252714,2.633044958,0.005227440041,0.1580752034
7.226624012,0.01465431136,0.06691360127,2.652323008,0.005201929769,0.1569170725
7.274947882,0.01469360829,0.06652096974,2.672785997,0.005151001586,0.1557759743
7.367153883,0.01467325196,0.06613404647,2.692880869,0.005090587899,0.1546514565
7.441558838,0.01459594849,0.06575228278,2.726194859,0.005052333237,0.1535433148
7.499528885,0.01446073899,0.06537513908,2.752580881,0.004946665291,0.1524506924
7.582251787,0.01429829938,0.06500231543,2.773159981,0.004955280641,0.1513740835
7.650887012,0.01415069134,0.0646338254,2.7926929,0.00494174024,0.1503129796
7.697124004,0.01400854099,0.06426961472,2.812681913,0.004939022118,0.1492671238
7.745073795,0.01395239425,0.06391020601,2.832900047,0.004920829196,0.1482360788
7.803305864,0.01385431672,0.0635551997,2.853739977,0.004942715624,0.1472198138
7.849419832,0.01375185245,0.0632044719,2.873255968,0.004963439376,0.1462180084
7.896873951,0.01376413435,0.06285873528,2.892648935,0.004989447058,0.1452303961
7.940991879,0.01356494849,0.06251641731,2.913420916,0.005016369941,0.1442566876
7.990448952,0.01345317981,0.06217805016,2.932860851,0.005045648885,0.1432966114
8.041149855,0.01326964956,0.06184306111,2.952744007,0.00512559002,0.1423502346
8.090802908,0.01303056219,0.0615110033,2.973453045,0.005177613017,0.1414170875
8.141644001,0.01281470607,0.06118197426,2.99267602,0.005267869573,0.1404971603
8.189058781,0.01253448629,0.06085548105,3.012840986,0.005352787249,0.1395901511
8.240158796,0.01236160908,0.06053218857,3.033120871,0.005438611465,0.1386958075
8.289784908,0.01218751983,0.0602120252,3.052861929,0.005499311621,0.1378137115
8.337460995,0.01209577073,0.0598954709,3.072916031,0.005637311309,0.1369441299
8.430238962,0.01200632379,0.05958246994,3.093050957,0.005727847125,0.1360865072
8.494098902,0.01197035818,0.05927330038,3.112483025,0.005875807275,0.1352409832
8.5432868,0.01202073379,0.05896844511,3.132555962,0.005975539881,0.1344070126
8.586512804,0.01201982131,0.05866749239,3.152571917,0.006101229854,0.1335845396
8.63398385,0.01204425331,0.05837052909,3.172947884,0.006154122277,0.1327728809
8.73347187,0.01203239456,0.05807724976,3.193542004,0.00623844292,0.13197203
8.789202929,0.01208118547,0.05778796633,3.213069916,0.006433173666,0.1311824775
8.842165947,0.01211738935,0.05750252523,3.232208967,0.006433173666,0.1304027943
8.914876938,0.01230386562,0.05722178821,3.254765034,0.006584407838,0.129633736
8.961041927,0.01244815716,0.05694540777,3.273721933,0.006705701297,0.128874921
9.01155901,0.0124969556,0.05667271788,3.293930054,0.006884872029,0.1281265158
9.067178011,0.01272358457,0.05640473536,3.31299305,0.007006444938,0.1273879787
9.113190889,0.01284947762,0.0561407641,3.332571983,0.007168090547,0.1266593734
9.16249299,0.0130152163,0.05588097164,3.353096962,0.007398468874,0.1259409342
9.212510824,0.01306707049,0.05562460098,3.373113871,0.007461233225,0.1252314749
9.26372695,0.0131116903,0.05537154794,3.39268899,0.007641096027,0.1245315322
9.310248852,0.01316325229,0.05512179471,3.412820816,0.007766578494,0.1238406153
9.359310865,0.01314428255,0.05487486817,3.432410002,0.007901532193,0.1231586207
nan,nan,nan,3.453387976,0.008001789429,0.1224851889
nan,nan,nan,3.472460985,0.008051132196,0.1218198746
nan,nan,nan,3.493526936,0.008146356542,0.1211628023
nan,nan,nan,3.513783932,0.008219377533,0.1205137021
nan,nan,nan,3.532881975,0.008286070494,0.1198724014
nan,nan,nan,3.553515911,0.008340146256,0.1192386954
nan,nan,nan,3.572727919,0.008392683018,0.1186124467
nan,nan,nan,3.592836857,0.008426883888,0.1179934267
nan,nan,nan,3.612905025,0.008468251617,0.1173815542
nan,nan,nan,3.632910013,0.008563498068,0.1167770095
nan,nan,nan,3.653498888,0.00863841605,0.1161795587
nan,nan,nan,3.673161983,0.008663970424,0.1155888137
nan,nan,nan,3.695533037,0.008708351771,0.1150047674
nan,nan,nan,3.71466589,0.008767461634,0.1144273908
nan,nan,nan,3.733834028,0.008787643198,0.1138563651
nan,nan,nan,3.752842903,0.00883043109,0.1132917096
nan,nan,nan,3.772754908,0.008926166155,0.112733605
nan,nan,nan,3.792701006,0.008953698884,0.1121815843
nan,nan,nan,3.812893867,0.009020651181,0.1116357592
nan,nan,nan,3.833310843,0.009109500596,0.1110961473
nan,nan,nan,3.852637053,0.00913915577,0.1105623411
nan,nan,nan,3.873200893,0.009172921514,0.1100342712
nan,nan,nan,3.893306017,0.009202473321,0.1095118267
nan,nan,nan,3.913213015,0.009233962298,0.1089949304
nan,nan,nan,3.932977915,0.009212279096,0.1084832245
nan,nan,nan,3.952741861,0.009224664882,0.1079768033
nan,nan,nan,3.972919941,0.009184375442,0.1074753189
nan,nan,nan,3.992750883,0.009221746355,0.1069790888
nan,nan,nan,4.012701035,0.009246080107,0.1064879681
nan,nan,nan,4.033443928,0.009274065382,0.1060018986
nan,nan,nan,4.053102016,0.009278499032,0.1055206876
nan,nan,nan,4.072690964,0.009273696969,0.1050442174
nan,nan,nan,4.092588902,0.009270692574,0.1045724266
nan,nan,nan,4.113103867,0.009270821716,0.1041052619
nan,nan,nan,4.132541895,0.009296072882,0.1036427781
nan,nan,nan,4.152595043,0.009311069714,0.1031848571
nan,nan,nan,4.172891855,0.009310498825,0.1027313578
nan,nan,nan,4.192679882,0.009318051995,0.1022822554
nan,nan,nan,4.212967873,0.009351567921,0.101837611
nan,nan,nan,4.232882977,0.009382945001,0.1013973506
nan,nan,nan,4.252562046,0.009368482754,0.1009611949
nan,nan,nan,4.275704861,0.009350722861,0.10052907
nan,nan,nan,4.292961836,0.009372047337,0.1001011028
nan,nan,nan,4.312558889,0.009333133715,0.09967695337
nan,nan,nan,4.332914829,0.009310029995,0.0992566421
nan,nan,nan,4.353262901,0.009299639041,0.09884017449
nan,nan,nan,4.373275995,0.009299639041,0.0984275453
nan,nan,nan,4.393726826,0.009216135171,0.09801831865
nan,nan,nan,4.414152861,0.009196587857,0.09761273997
nan,nan,nan,4.433027029,0.009134623533,0.09721056671
nan,nan,nan,4.452391863,0.009159571112,0.09681214591
nan,nan,nan,4.472945929,0.009119364638,0.09641713339
nan,nan,nan,4.492900848,0.009111508077,0.09602562834
nan,nan,nan,4.512238026,0.009080403846,0.09563748002
nan,nan,nan,4.532744884,0.009066874569,0.09525272177
nan,nan,nan,4.552810907,0.009047794458,0.09487128404
nan,nan,nan,4.572582006,0.009015943721,0.09449306668
nan,nan,nan,4.592901945,0.009020455553,0.09411818681
nan,nan,nan,4.612673998,0.009028082304,0.0937466143
nan,nan,nan,4.632534981,0.009018878429,0.09337823284
nan,nan,nan,4.652870893,0.009010497021,0.09301300454
nan,nan,nan,4.672798872,0.009016866675,0.09265095223
nan,nan,nan,4.692867041,0.009015360026,0.09229200119
nan,nan,nan,4.71389699,0.009001947086,0.09193606078
nan,nan,nan,4.732638836,0.009012876941,0.09158319617
nan,nan,nan,4.752852917,0.009006633217,0.09123329548
nan,nan,nan,4.772943974,0.008986945382,0.09088626447
nan,nan,nan,4.792532921,0.008981673332,0.09054212753
nan,nan,nan,4.813305855,0.008970484234,0.09020082358
nan,nan,nan,4.832527876,0.008936887097,0.08986222385
nan,nan,nan,4.852633953,0.008918414124,0.08952635742
nan,nan,nan,4.872653008,0.008924980333,0.08919329388
nan,nan,nan,4.893272877,0.008885611893,0.08886280959
nan,nan,nan,4.913130045,0.008895480526,0.08853507463
nan,nan,nan,4.932543039,0.008881706394,0.08820995885
nan,nan,nan,4.952589989,0.008879560114,0.08788747755
nan,nan,nan,4.972688913,0.008876874649,0.08756759657
nan,nan,nan,4.992569923,0.008860412906,0.08725022889
nan,nan,nan,5.012729883,0.008863272153,0.08693542183
nan,nan,nan,5.034209013,0.008795504825,0.08662286217
nan,nan,nan,5.053232908,0.008809109112,0.08631284721
nan,nan,nan,5.072955847,0.008820631508,0.08600533842
nan,nan,nan,5.092581034,0.008811022244,0.08570022255
nan,nan,nan,5.113031864,0.0088108381,0.08539750844
nan,nan,nan,5.132956982,0.008787373427,0.08509707653
nan,nan,nan,5.152559042,0.008771009445,0.08479892783
nan,nan,nan,5.172703028,0.008737628392,0.08450296947
nan,nan,nan,5.193720818,0.008737451571,0.08420930467
nan,nan,nan,5.213356972,0.008720911029,0.08391784369
nan,nan,nan,5.233378887,0.008688020979,0.08362849822
nan,nan,nan,5.252400875,0.008673358443,0.08334131378
nan,nan,nan,5.273869038,0.008655033171,0.08305625164
nan,nan,nan,5.293375969,0.008649262606,0.08277333533
nan,nan,nan,5.312932968,0.008654927109,0.08249258378
nan,nan,nan,5.332937002,0.008639069092,0.08221389128
nan,nan,nan,5.353258848,0.00862735445,0.08193725016
nan,nan,nan,5.373278856,0.008622408686,0.08166266274
nan,nan,nan,5.396800041,0.008612986989,0.08139008932
nan,nan,nan,5.413323879,0.008612986989,0.08111954247
nan,nan,nan,5.432672024,0.008615907205,0.08085101049
nan,nan,nan,5.454167843,0.008643502747,0.08058456212
nan,nan,nan,5.472688913,0.008654210145,0.0803201123
nan,nan,nan,5.492336035,0.008686045065,0.08005771645
nan,nan,nan,5.514652014,0.008736116074,0.07979741864
nan,nan,nan,5.532325029,0.008730930153,0.07953899504
nan,nan,nan,5.552762985,0.008736862026,0.07928246557
nan,nan,nan,5.572954893,0.008770465835,0.07902790962
nan,nan,nan,5.592772961,0.008791511849,0.07877526071
nan,nan,nan,5.613394976,0.008787385498,0.07852440811
nan,nan,nan,5.637105942,0.008763878065,0.07827526336
nan,nan,nan,5.652132988,0.008770503974,0.07802791546
nan,nan,nan,5.672534943,0.008793559601,0.07778240356
nan,nan,nan,5.692308903,0.008763804867,0.07753852158
nan,nan,nan,5.712337971,0.00876954997,0.07729637732
nan,nan,nan,5.732377052,0.008763154029,0.07705590987
nan,nan,nan,5.752329826,0.008788654395,0.07681721317
nan,nan,nan,5.772738934,0.008798623833,0.0765802146
nan,nan,nan,5.793756008,0.008798181398,0.07634486032
nan,nan,nan,5.814308882,0.008790016026,0.07611110653
nan,nan,nan,5.836714029,0.008785371329,0.07587894882
nan,nan,nan,5.855515003,0.008768018299,0.07564832707
